"0","suppressPackageStartupMessages(library(tidyverse))"
"0","suppressPackageStartupMessages(library(mapboxapi))"
"0","mb_access_token(""pk.eyJ1IjoicHN5Y2hpY2F1dG9tYXRvbiIsImEiOiJjbWE0ZjJuaXUwNjZzMmxweXlzcDN5OGQ5In0.Yme9yPL4rt8OuuySLUOYqg"", install = TRUE, overwrite = TRUE)"
"1","[1]"
"1"," ""pk.eyJ1IjoicHN5Y2hpY2F1dG9tYXRvbiIsImEiOiJjbWE0ZjJuaXUwNjZzMmxweXlzcDN5OGQ5In0.Yme9yPL4rt8OuuySLUOYqg"""
"1","
"
"0","suppressPackageStartupMessages(library(leaflet))"
"0","suppressPackageStartupMessages(library(sf))"
"0","suppressPackageStartupMessages(library(leafgl))"
"0","suppressPackageStartupMessages(library(htmlwidgets))"
"0","suppressPackageStartupMessages(library(htmltools))"
